{
    "name": "Easy .htaccess",
    "description": "A simple and user-friendly plugin to create and manage .htaccess files with essential optimizations for your website.",
    "license": "GPL-3.0",
    "author": "Vittorio Ramponi - www.mywebpassion.it",
    "version": "0.1.0-beta", 
    "scope": "site",
    "minimumPubliiVersion": "0.42.0",
    "usePluginSettingsView": false,
    "useCustomCssForOptions": true,
    "messageInOptions": {
        "type": "alert",
        "text": "This plugin is designed for Apache servers and generates an .htaccess file to optimize site performance, including HTTPS redirection, SEO redirects, custom error pages, and Gzip compression. Be cautious when editing the file, as errors may cause issues. Always back up the original .htaccess file beforehand. Use at your own risk. The plugin author cannot be held responsible for data loss or site malfunctions."
    },
    "config": [
        {
            "name": "separator",
            "type": "separator",
            "label": "",
            "group": "Informations",
            "note": "This plugin uses directives designed for broad compatibility, but server behavior may vary. Test the generated .htaccess file to ensure it works on your server.<br>Deactivating or uninstalling the plugin won't delete the last .htaccess file; remove it manually or use the 'Empty .htaccess' option and sync the site. Learn more on the <a href='https://github.com/gpsblues?tab=repositories'>GitHub Page</a>.",
            "size": "no-line"
        },
        {
            "name": "separator",
            "type": "separator",
            "label": "",
            "group": "Output",
            "note": "",
            "size": "no-line",
            "dependencies" :[
                {
                    "field": "destroy",
                    "value": true
                }   
            ]
        },
        {
            "name": "output",
            "label": "File name",
            "group": "Output",
            "value": "htaccess.txt",
            "type": "select",
            "options": [
                {
                    "label": "htaccess.txt",
                    "value": "htaccess.txt"

                },
                {
                    "label": ".htaccess",
                    "value": ".htaccess"
                }
            ],
            "note": "Select <span class='mark'>htaccess.txt</span> for testing. This file will take effect only if renamed.<br>Select <span class='mark'>.htaccess</span> for production. Synchronizing will overwrite previous versions.",
            "dependencies": [
                {
                    "field": "destroy",
                    "value": false
                }
            ]
        },
        {
            "name": "separator",
            "type": "separator",
            "label": "",
            "group": "Directives",
            "note": "",
            "size": "no-line",
            "dependencies" :[
                {
                    "field": "destroy",
                    "value": true
                }   
            ]
        },
        {
            "name": "rewriteUrl",
            "label": "Canonical URL Redirect",
            "group": "Directives",
            "note": "Enable URL redirection to enforce HTTPS/HTTP protocols and apply your preferred www or non-www prefix.",
            "value": false,
            "type": "checkbox",
            "dependencies": [
                {
                    "field": "destroy",
                    "value": false
                }
            ]
        },
        {
            "name": "redirect",
            "label": "Behaviour",
            "group": "Directives",
            "value": 1,
            "type": "select",
            "options": [
                {
                    "label": "Redirect to HTTPS + www",
                    "value": 1
                },
                {
                    "label": "Redirect to HTTPS + no-www",
                    "value": 2
                },
                {
                    "label": "Redirect to HTTPS (preserving www / no-www)",
                    "value": 3
                },
                {
                    "label": "Redirect to www (preserving protocol)",
                    "value": 4
                },
                {
                    "label": "Redirect to no-www (preserving protocol)",
                    "value": 5
                },
                {
                    "label": "Redirect to HTTP + www",
                    "value": 6
                },
                {
                    "label": "Redirect to HTTP + no-www",
                    "value": 7
                },
                {
                    "label": "Redirect to HTTP (preserving www / no-www)",
                    "value": 8
                }
            ],
            "note": "",
            "dependencies": [
                {
                    "field": "destroy",
                    "value": false
                },
                {
                    "field": "rewriteUrl",
                    "value": true
                }
            ]
        },
        {
            "name": "separator",
            "type": "separator",
            "label": "",
            "group": "Directives",
            "note": "",
            "size": "thin",
            "dependencies": [
                {
                    "field": "destroy",
                    "value": false
                }
            ]
        },
        {
            "name": "redirectSeo",
            "label": "Redirect URLs",
            "group": "Directives",
            "note": "Create custom redirects from old URLs to new ones to improve user experience and maintain SEO.",
            "value": false,
            "type": "checkbox",
            "dependencies": [
                {
                    "field": "destroy",
                    "value": false
                }
            ]
        },
        {
            "name": "repeaterUrlList",
            "label": "  ",
            "group": "Directives",
            "note": "Enter the old URL, the new URL, and the redirect type (301 = permanent). Regular expressions are not supported.",
            "value": [],
            "type": "repeater",
            "translations": {
                "addItem": "Add redirect",
                "duplicateItem": "Duplicate",
                "emptyState": "",
                "removeItem": "Remove"
            },
            "hasEmptyState": false,
            "hideLabels": true,
            "structure": [
                {
                    "name": "oldUrl",
                    "label": "Old URL",
                    "type": "text",
                    "placeholder": "eg. /old-url.html",
                    "value": "",
                    "width": 40
                },
                {
                    "name": "newUrl",
                    "label": "New URL",
                    "type": "text",
                    "placeholder": "eg. /new-url.html",
                    "value": "",
                    "width": 40
                },
                {
                    "name": "type",
                    "label": "Type",
                    "type": "dropdown",
                    "value": "301",
                    "width": 20,
                    "options": [
                        {
                            "label":"301",
                            "value":"301"
                        },
                        {
                            "label":"302",
                            "value":"302"
                        }
                    ]
                }
            ],
            "dependencies": [
                {
                    "field": "destroy",
                    "value": false
                },
                {
                    "field": "redirectSeo",
                    "value": true
                }
            ]
        },
        {
            "name": "separator",
            "type": "separator",
            "label": "",
            "group": "Directives",
            "note": "",
            "size": "thin",
            "dependencies": [
                {
                    "field": "destroy",
                    "value": false
                }
            ]
        },
        {
            "name": "redirect404",
            "label": "Redirect 404",
            "group": "Directives",
            "note": "Force the 404 redirect to the 404.html page. It only works if the theme supports the error page. <a href='https://getpublii.com/dev/theme-supported-features/'>Learn more</a>",
            "value": false,
            "type": "checkbox",
            "dependencies": [
                {
                    "field": "destroy",
                    "value": false
                }
            ]
        },
        {
            "name": "path404",
            "label": " subfolder path",
            "group": "Directives",
            "note": "Leave empty if the site is locate in the root directory.<br>For example: <span class='mark'>/subfolder</span> if the site is located at <strong>www.mydomain.net/subfolder</strong>.<br>In some cases you might need to provide the absolute server path or <span class='mark'>/</span>.<br>If unsure, check your site’s structure or contact your hosting provider for guidance.",
            "value": "",
            "type": "test",
            "dependencies": [
                {
                    "field": "destroy",
                    "value": false
                },
                {
                    "field": "redirect404",
                    "value": true
                }
            ]
        },
        {
            "name": "separator",
            "type": "separator",
            "label": "",
            "group": "Directives",
            "note": "",
            "size": "thin",
            "dependencies": [
                {
                    "field": "destroy",
                    "value": false
                }
            ]
        },
        {
            "name": "protectFileList",
            "label": "Protect files.publii.json",
            "group": "Directives",
            "note": "Prevents unauthorized access to the files.publii.json file for enhanced security. <a href='https://getpublii.com/docs/recommended-server-settings.html#protectingthefilespubliijsonfile'>Learn more</a>.",
            "value": false,
            "type": "checkbox",
            "dependencies": [
                {
                    "field": "destroy",
                    "value": false
                }
            ]
        },
        {
            "name": "separator",
            "type": "separator",
            "label": "",
            "group": "Directives",
            "note": "",
            "size": "thin",
            "dependencies": [
                {
                    "field": "destroy",
                    "value": false
                }
            ]
        },
        {
            "name": "gzip",
            "label": "Gzip compression",
            "group": "Directives",
            "note": "Enable Gzip compression to improve site performance by reducing file sizes. This option works only if the server supports Gzip. If you're unsure, contact your hosting provider for more information.",
            "value": false,
            "type": "checkbox",
            "dependencies": [
                {
                    "field": "destroy",
                    "value": false
                }
            ]
        },
        {
            "name": "separator",
            "type": "separator",
            "label": "",
            "group": "Directives",
            "note": "",
            "size": "thin",
            "dependencies": [
                {
                    "field": "destroy",
                    "value": false
                }
            ]
        },
        {
            "name": "custom",
            "label": "Custom Directives",
            "group": "Directives",
            "note": "Add custom .htaccess directives for specific needs. Ensure directives are properly tested to avoid server misconfigurations.",
            "value": false,
            "type": "checkbox",
            "dependencies": [
                {
                    "field": "destroy",
                    "value": false
                }
            ]
        },
        {
            "name": "personal",
            "label": "",
            "group": "Directives",
            "value": "",
            "type": "textarea",
            "rows": 8,
            "disabled": false,
            "note": "Directives will be appended to the end of the .htaccess or htaccess.txt file.",
            "dependencies": [
                {
                    "field": "destroy",
                    "value": false
                },
                {
                    "field": "custom",
                    "value": true
                }
            ]
        },
        {
            "name": "destroy",
            "label": "Empty .htaccess",
            "group": "Remove Directives",
            "note": "Clears the content of the .htaccess file <strong>after synchronization</strong>. This action is equivalent to deleting the file and may be useful before uninstalling the plugin.",
            "value": false,
            "type": "checkbox"
        }
    ]
}